question,intent,category,answer
show my attendance,attendance_check,Attendance,"I can show your overall attendance percentage, calculated across every session recorded for you (Late is counted as present). The college requires a minimum of 75% per subject. Full details are on the Attendance page of your student portal."
attendance,attendance_check,Attendance,"I can show your overall attendance percentage, calculated across every session recorded for you (Late is counted as present). The college requires a minimum of 75% per subject. Full details are on the Attendance page of your student portal."
what is my attendance percentage,attendance_check,Attendance,"I can show your overall attendance percentage, calculated across every session recorded for you (Late is counted as present). The college requires a minimum of 75% per subject. Full details are on the Attendance page of your student portal."
am i short of attendance,attendance_shortage,Attendance,"I compare your attendance against the 75% minimum and flag any subject you have fallen short in. Below 75% is high risk, 75-85% is medium and above 85% is low risk. If you are short, the Attendance page shows how many sessions you need to recover, and you should raise it with your class advisor."
do i have attendance shortage,attendance_shortage,Attendance,"I compare your attendance against the 75% minimum and flag any subject you have fallen short in. Below 75% is high risk, 75-85% is medium and above 85% is low risk. If you are short, the Attendance page shows how many sessions you need to recover, and you should raise it with your class advisor."
am i below 75,attendance_shortage,Attendance,"I compare your attendance against the 75% minimum and flag any subject you have fallen short in. Below 75% is high risk, 75-85% is medium and above 85% is low risk. If you are short, the Attendance page shows how many sessions you need to recover, and you should raise it with your class advisor."
show my subject wise attendance,attendance_subject_wise,Attendance,"I can break your attendance down subject by subject and show which subject is lowest, since the 75% rule applies per subject. The subject-wise table is on the Attendance page."
what is my attendance in Data Structures,attendance_subject_wise,Attendance,"I can break your attendance down subject by subject and show which subject is lowest, since the 75% rule applies per subject. The subject-wise table is on the Attendance page."
attendance for Discrete Mathematics,attendance_subject_wise,Attendance,"I can break your attendance down subject by subject and show which subject is lowest, since the 75% rule applies per subject. The subject-wise table is on the Attendance page."
show my marks,marks_view,Marks,"I can show your internal marks (out of 40), external marks (out of 60) and the total out of 100 for each subject, along with the grade. The pass mark is 50. Marks a faculty member has entered stay hidden until they are published. See the Results page for the full mark sheet."
marks,marks_view,Marks,"I can show your internal marks (out of 40), external marks (out of 60) and the total out of 100 for each subject, along with the grade. The pass mark is 50. Marks a faculty member has entered stay hidden until they are published. See the Results page for the full mark sheet."
what are my internal marks,marks_view,Marks,"I can show your internal marks (out of 40), external marks (out of 60) and the total out of 100 for each subject, along with the grade. The pass mark is 50. Marks a faculty member has entered stay hidden until they are published. See the Results page for the full mark sheet."
what is my cgpa,cgpa_query,Marks,"I calculate your CGPA as the credit-weighted average of your grade points across all recorded subjects, on the Anna University 10-point scale (O=10, A+=9, A=8, B+=7, B=6, RA=0). Your CGPA and semester-wise GPA are on the CGPA page."
cgpa,cgpa_query,Marks,"I calculate your CGPA as the credit-weighted average of your grade points across all recorded subjects, on the Anna University 10-point scale (O=10, A+=9, A=8, B+=7, B=6, RA=0). Your CGPA and semester-wise GPA are on the CGPA page."
show my cgpa,cgpa_query,Marks,"I calculate your CGPA as the credit-weighted average of your grade points across all recorded subjects, on the Anna University 10-point scale (O=10, A+=9, A=8, B+=7, B=6, RA=0). Your CGPA and semester-wise GPA are on the CGPA page."
do i have any backlogs,backlog_query,Marks,"A subject with grade RA (grade point 0, total below 50) counts as a backlog. I can tell you how many backlogs you currently have and which subjects they are in — this also affects placement eligibility, since most recruiters allow zero or at most one backlog."
how many arrears do i have,backlog_query,Marks,"A subject with grade RA (grade point 0, total below 50) counts as a backlog. I can tell you how many backlogs you currently have and which subjects they are in — this also affects placement eligibility, since most recruiters allow zero or at most one backlog."
backlog,backlog_query,Marks,"A subject with grade RA (grade point 0, total below 50) counts as a backlog. I can tell you how many backlogs you currently have and which subjects they are in — this also affects placement eligibility, since most recruiters allow zero or at most one backlog."
have the results been published,results_status,Marks,"Results appear once a faculty member publishes the marks they entered; until then they stay hidden. If a subject is missing from your results page, the marks have not been published yet — check the Notices page for the result announcement or contact the Examination Cell."
when will results come out,results_status,Marks,"Results appear once a faculty member publishes the marks they entered; until then they stay hidden. If a subject is missing from your results page, the marks have not been published yet — check the Notices page for the result announcement or contact the Examination Cell."
are my results out,results_status,Marks,"Results appear once a faculty member publishes the marks they entered; until then they stay hidden. If a subject is missing from your results page, the marks have not been published yet — check the Notices page for the result announcement or contact the Examination Cell."
what are my classes today,timetable_today,General,"I can show today's class schedule for your department, semester and section from the published timetable, including the period slots and subjects. Open the Timetable page for the day view."
today's timetable,timetable_today,General,"I can show today's class schedule for your department, semester and section from the published timetable, including the period slots and subjects. Open the Timetable page for the day view."
show today's schedule,timetable_today,General,"I can show today's class schedule for your department, semester and section from the published timetable, including the period slots and subjects. Open the Timetable page for the day view."
show my timetable,timetable_weekly,General,"I can show your full published weekly timetable for your department, semester and section, with the period slots and the subject in each. Draft timetables are not visible until an admin publishes them."
timetable,timetable_weekly,General,"I can show your full published weekly timetable for your department, semester and section, with the period slots and the subject in each. Draft timetables are not visible until an admin publishes them."
weekly timetable,timetable_weekly,General,"I can show your full published weekly timetable for your department, semester and section, with the period slots and the subject in each. Draft timetables are not visible until an admin publishes them."
when do exams start,exam_schedule,Exams,"I can give you the published exam schedule for your semester — the theory start and end dates, and the date, subject code and session for each paper. Only published schedules are visible. The Exam page has the full table plus the instructions."
exam timetable,exam_schedule,Exams,"I can give you the published exam schedule for your semester — the theory start and end dates, and the date, subject code and session for each paper. Only published schedules are visible. The Exam page has the full table plus the instructions."
show exam schedule,exam_schedule,Exams,"I can give you the published exam schedule for your semester — the theory start and end dates, and the date, subject code and session for each paper. Only published schedules are visible. The Exam page has the full table plus the instructions."
when can i get my hall ticket,exam_hall_ticket,Exams,"The published exam record carries a hall ticket availability date. Once that date arrives, the hall ticket becomes available on the Exam page. Hall tickets are usually withheld if there is a pending fee balance or an attendance shortage, so clear those first."
hall ticket,exam_hall_ticket,Exams,"The published exam record carries a hall ticket availability date. Once that date arrives, the hall ticket becomes available on the Exam page. Hall tickets are usually withheld if there is a pending fee balance or an attendance shortage, so clear those first."
how do i download my hall ticket,exam_hall_ticket,Exams,"The published exam record carries a hall ticket availability date. Once that date arrives, the hall ticket becomes available on the Exam page. Hall tickets are usually withheld if there is a pending fee balance or an attendance shortage, so clear those first."
when is my practical exam,exam_practicals,Exams,"The published exam record lists practical exams separately with the date, subject, lab and time. You'll find the practicals table alongside the theory schedule on the Exam page."
practical exam schedule,exam_practicals,Exams,"The published exam record lists practical exams separately with the date, subject, lab and time. You'll find the practicals table alongside the theory schedule on the Exam page."
lab exam dates,exam_practicals,Exams,"The published exam record lists practical exams separately with the date, subject, lab and time. You'll find the practicals table alongside the theory schedule on the Exam page."
what assignments do i have,coursework_assignments,General,"I can list the assignments your faculty have posted for your department, semester and section — with the title, subject, due date and maximum marks — and tell you whether you have submitted. You submit text or a file attachment from the Coursework page; faculty then grade it and add remarks."
show my assignments,coursework_assignments,General,"I can list the assignments your faculty have posted for your department, semester and section — with the title, subject, due date and maximum marks — and tell you whether you have submitted. You submit text or a file attachment from the Coursework page; faculty then grade it and add remarks."
any pending assignments,coursework_assignments,General,"I can list the assignments your faculty have posted for your department, semester and section — with the title, subject, due date and maximum marks — and tell you whether you have submitted. You submit text or a file attachment from the Coursework page; faculty then grade it and add remarks."
where are the study materials,coursework_materials,General,"Faculty upload study materials — notes, question banks and reference files — for your subject, department and semester. I can list what is available and you can download them from the Coursework page."
show notes for Discrete Mathematics,coursework_materials,General,"Faculty upload study materials — notes, question banks and reference files — for your subject, department and semester. I can list what is available and you can download them from the Coursework page."
download study material,coursework_materials,General,"Faculty upload study materials — notes, question banks and reference files — for your subject, department and semester. I can list what is available and you can download them from the Coursework page."
when is the next holiday,academic_calendar,General,"The academic calendar lists holidays, exam windows, deadlines, semester boundaries and events with their dates. I can tell you what is coming up; the full calendar is on the Calendar page."
academic calendar,academic_calendar,General,"The academic calendar lists holidays, exam windows, deadlines, semester boundaries and events with their dates. I can tell you what is coming up; the full calendar is on the Calendar page."
show the calendar,academic_calendar,General,"The academic calendar lists holidays, exam windows, deadlines, semester boundaries and events with their dates. I can tell you what is coming up; the full calendar is on the Calendar page."
what is my fee balance,fees_balance,Fees,"I can show your fee record for the semester — the component-wise breakdown, the total, how much is paid, the outstanding balance, the due date and any late fine. The full statement is on the Fees page."
how much fees do i owe,fees_balance,Fees,"I can show your fee record for the semester — the component-wise breakdown, the total, how much is paid, the outstanding balance, the due date and any late fine. The full statement is on the Fees page."
show my fees,fees_balance,Fees,"I can show your fee record for the semester — the component-wise breakdown, the total, how much is paid, the outstanding balance, the due date and any late fine. The full statement is on the Fees page."
when is the fee due date,fees_due_date,Fees,Your fee record carries a due date and a late fine amount. If payment goes past the due date the late fine applies. I can tell you the due date on your record; it is also shown on the Fees page.
last date to pay fees,fees_due_date,Fees,Your fee record carries a due date and a late fine amount. If payment goes past the due date the late fine applies. I can tell you the due date on your record; it is also shown on the Fees page.
fee deadline,fees_due_date,Fees,Your fee record carries a due date and a late fine amount. If payment goes past the due date the late fine applies. I can tell you the due date on your record; it is also shown on the Fees page.
how do i pay my fees,fees_payment,Fees,"You record a payment from the Fees page by entering the amount, the mode (Online, DD, Cash or NEFT) and the transaction reference. That creates an entry in your payment history which the Accounts Office then verifies. The portal records payments — it does not process them through a payment gateway."
can i pay fees online,fees_payment,Fees,"You record a payment from the Fees page by entering the amount, the mode (Online, DD, Cash or NEFT) and the transaction reference. That creates an entry in your payment history which the Accounts Office then verifies. The portal records payments — it does not process them through a payment gateway."
how to make a fee payment,fees_payment,Fees,"You record a payment from the Fees page by entering the amount, the mode (Online, DD, Cash or NEFT) and the transaction reference. That creates an entry in your payment history which the Accounts Office then verifies. The portal records payments — it does not process them through a payment gateway."
is my payment verified,fees_verification,Fees,"Every payment you record starts as unverified. The Accounts Office checks it against the bank record and marks it verified, after which your balance reflects it. If a payment has been sitting unverified, contact the Accounts Office through the Contact page."
why is my payment not reflecting,fees_verification,Fees,"Every payment you record starts as unverified. The Accounts Office checks it against the bank record and marks it verified, after which your balance reflects it. If a payment has been sitting unverified, contact the Accounts Office through the Contact page."
my fee payment is not updated,fees_verification,Fees,"Every payment you record starts as unverified. The Accounts Office checks it against the bank record and marks it verified, after which your balance reflects it. If a payment has been sitting unverified, contact the Accounts Office through the Contact page."
show my payment history,fees_history,Fees,"Your fee record keeps a payment history — each entry has the date, description, amount, mode, transaction reference and whether it has been verified. You can view the full history on the Fees page."
list all my fee payments,fees_history,Fees,"Your fee record keeps a payment history — each entry has the date, description, amount, mode, transaction reference and whether it has been verified. You can view the full history on the Fees page."
past payments,fees_history,Fees,"Your fee record keeps a payment history — each entry has the date, description, amount, mode, transaction reference and whether it has been verified. You can view the full history on the Fees page."
how do i apply for leave,leave_apply,General,"You apply for leave from the Leave page by choosing the type — Medical Leave, Personal Leave, Emergency Leave or Family Function — with the from and to dates, a reason, and an optional supporting document. The to date cannot be earlier than the from date. It is submitted as Pending for approval."
apply leave,leave_apply,General,"You apply for leave from the Leave page by choosing the type — Medical Leave, Personal Leave, Emergency Leave or Family Function — with the from and to dates, a reason, and an optional supporting document. The to date cannot be earlier than the from date. It is submitted as Pending for approval."
i want to take leave,leave_apply,General,"You apply for leave from the Leave page by choosing the type — Medical Leave, Personal Leave, Emergency Leave or Family Function — with the from and to dates, a reason, and an optional supporting document. The to date cannot be earlier than the from date. It is submitted as Pending for approval."
what is my leave status,leave_status,General,"Every leave application is Pending until it is approved or rejected, and the approver can add remarks. I can tell you the current status of your applications; the list is on the Leave page."
is my leave approved,leave_status,General,"Every leave application is Pending until it is approved or rejected, and the approver can add remarks. I can tell you the current status of your applications; the list is on the Leave page."
has my leave been sanctioned,leave_status,General,"Every leave application is Pending until it is approved or rejected, and the approver can add remarks. I can tell you the current status of your applications; the list is on the Leave page."
how do i apply for od,od_request,General,"On Duty is applied for as a leave type — either On Duty (OD) – Event or On Duty (OD) – Training — from the OD page, with dates, a reason and a supporting document. Approved OD is recorded against your leave record."
od request,od_request,General,"On Duty is applied for as a leave type — either On Duty (OD) – Event or On Duty (OD) – Training — from the OD page, with dates, a reason and a supporting document. Approved OD is recorded against your leave record."
i need on duty for a symposium,od_request,General,"On Duty is applied for as a leave type — either On Duty (OD) – Event or On Duty (OD) – Training — from the OD page, with dates, a reason and a supporting document. Approved OD is recorded against your leave record."
how do i request a bonafide certificate,certificate_request,General,"You can request a Bonafide Certificate, Transfer Certificate, Migration Certificate, Conduct Certificate, Provisional Certificate, a Marksheet or another document from the Requests page, stating the purpose and an urgency of Normal, Urgent or Emergency. Each request gets a unique reference number."
i need a transfer certificate,certificate_request,General,"You can request a Bonafide Certificate, Transfer Certificate, Migration Certificate, Conduct Certificate, Provisional Certificate, a Marksheet or another document from the Requests page, stating the purpose and an urgency of Normal, Urgent or Emergency. Each request gets a unique reference number."
apply for a certificate,certificate_request,General,"You can request a Bonafide Certificate, Transfer Certificate, Migration Certificate, Conduct Certificate, Provisional Certificate, a Marksheet or another document from the Requests page, stating the purpose and an urgency of Normal, Urgent or Emergency. Each request gets a unique reference number."
what is the status of my certificate request,request_status,General,"Your document request moves through Submitted, Under Review, Processing, Ready for Collection and then Completed — or Rejected, with remarks. Track it by its reference number on the Status page."
track my request,request_status,General,"Your document request moves through Submitted, Under Review, Processing, Ready for Collection and then Completed — or Rejected, with remarks. Track it by its reference number on the Status page."
is my bonafide ready,request_status,General,"Your document request moves through Submitted, Under Review, Processing, Ready for Collection and then Completed — or Rejected, with remarks. Track it by its reference number on the Status page."
is this book available in the library,library_search,General,"I can search the library catalogue by title, author or category and tell you whether a copy is Available, Borrowed or Reserved, along with the number of copies. Browse the full catalogue on the Library page."
search for a book,library_search,General,"I can search the library catalogue by title, author or category and tell you whether a copy is Available, Borrowed or Reserved, along with the number of copies. Browse the full catalogue on the Library page."
do you have books on Computer Networks,library_search,General,"I can search the library catalogue by title, author or category and tell you whether a copy is Available, Borrowed or Reserved, along with the number of copies. Browse the full catalogue on the Library page."
what books have i borrowed,library_borrowed,General,"I can list the books you currently have on loan with their borrowed date, due date and status — Active, Returned or Overdue. Your loans are shown on the Library page."
show my borrowed books,library_borrowed,General,"I can list the books you currently have on loan with their borrowed date, due date and status — Active, Returned or Overdue. Your loans are shown on the Library page."
when is my book due,library_borrowed,General,"I can list the books you currently have on loan with their borrowed date, due date and status — Active, Returned or Overdue. Your loans are shown on the Library page."
how do i renew a book,library_renew,General,You can request a renewal for a borrowed book from the Library page. The system records the request and the librarian confirms it within 24 hours.
can i renew my library book,library_renew,General,You can request a renewal for a borrowed book from the Library page. The system records the request and the librarian confirms it within 24 hours.
renew book,library_renew,General,You can request a renewal for a borrowed book from the Library page. The system records the request and the librarian confirms it within 24 hours.
what are the library hours,library_hours,General,The library is open Monday to Friday from 8:00 AM to 6:00 PM and on Saturday from 9:00 AM to 4:00 PM. It is closed on Sundays and holidays.
when does the library open,library_hours,General,The library is open Monday to Friday from 8:00 AM to 6:00 PM and on Saturday from 9:00 AM to 4:00 PM. It is closed on Sundays and holidays.
library timing,library_hours,General,The library is open Monday to Friday from 8:00 AM to 6:00 PM and on Saturday from 9:00 AM to 4:00 PM. It is closed on Sundays and holidays.
any new notices,notices_latest,General,"I can show the latest published notices, with pinned ones first. Each notice carries a category, an AI-generated summary, key dates and action items. The full list is on the Notices page."
show latest notices,notices_latest,General,"I can show the latest published notices, with pinned ones first. Each notice carries a category, an AI-generated summary, key dates and action items. The full list is on the Notices page."
what's the latest announcement,notices_latest,General,"I can show the latest published notices, with pinned ones first. Each notice carries a category, an AI-generated summary, key dates and action items. The full list is on the Notices page."
show exam related notices,notice_search,General,"Notices are categorised as exam, fee, general, urgent or holiday. I can find notices in a category or matching a topic, and give you the summary, key dates and action items from it."
any fee notice,notice_search,General,"Notices are categorised as exam, fee, general, urgent or holiday. I can find notices in a category or matching a topic, and give you the summary, key dates and action items from it."
holiday notice,notice_search,General,"Notices are categorised as exam, fee, general, urgent or holiday. I can find notices in a category or matching a topic, and give you the summary, key dates and action items from it."
what events are coming up,events_list,General,"I can list upcoming campus events with their category — Technical, Cultural, Sports, Workshop or Seminar — plus the date, time, venue, organizer and how many seats are left. The Events page has the full list."
show upcoming events,events_list,General,"I can list upcoming campus events with their category — Technical, Cultural, Sports, Workshop or Seminar — plus the date, time, venue, organizer and how many seats are left. The Events page has the full list."
any technical events,events_list,General,"I can list upcoming campus events with their category — Technical, Cultural, Sports, Workshop or Seminar — plus the date, time, venue, organizer and how many seats are left. The Events page has the full list."
how do i register for an event,events_register,General,"You register for an event from the Events page. Seats are capped — if the cap is reached you'll be told the event is full, and you can't register twice for the same event. You can also unregister if you change your mind."
register me for the workshop,events_register,General,"You register for an event from the Events page. Seats are capped — if the cap is reached you'll be told the event is full, and you can't register twice for the same event. You can also unregister if you change your mind."
event registration,events_register,General,"You register for an event from the Events page. Seats are capped — if the cap is reached you'll be told the event is full, and you can't register twice for the same event. You can also unregister if you change your mind."
who teaches Data Structures,faculty_directory,Faculty,"I can look up faculty by name or subject and give you their designation, department, the subjects they teach, their email and office location."
faculty for Digital Electronics,faculty_directory,Faculty,"I can look up faculty by name or subject and give you their designation, department, the subjects they teach, their email and office location."
who is my DBMS professor,faculty_directory,Faculty,"I can look up faculty by name or subject and give you their designation, department, the subjects they teach, their email and office location."
who is the hod,faculty_hod,Faculty,"I can identify the Head of Department for your department — or for any department you name — with their designation, email and office location."
who is the head of department,faculty_hod,Faculty,"I can identify the Head of Department for your department — or for any department you name — with their designation, email and office location."
hod name,faculty_hod,Faculty,"I can identify the Head of Department for your department — or for any department you name — with their designation, email and office location."
how do i contact the college,contact_department,General,"You can send a message to the Admin Office, Examination Cell, Accounts Office, Student Welfare, Library, HOD – IT Department or HOD – CSE Department from the Contact page. You'll receive a response within 1-2 working days."
who do i contact for fee issues,contact_department,General,"You can send a message to the Admin Office, Examination Cell, Accounts Office, Student Welfare, Library, HOD – IT Department or HOD – CSE Department from the Contact page. You'll receive a response within 1-2 working days."
how to reach the exam cell,contact_department,General,"You can send a message to the Admin Office, Examination Cell, Accounts Office, Student Welfare, Library, HOD – IT Department or HOD – CSE Department from the Contact page. You'll receive a response within 1-2 working days."
what departments are there,departments_list,General,"The college has departments including Information Technology, Computer Science and Engineering, Artificial Intelligence and Machine Learning, Artificial Intelligence and Data Science, Bioinformatics, Electronics and Communication, Electrical and Electronics, Mechanical and Civil Engineering."
list all departments,departments_list,General,"The college has departments including Information Technology, Computer Science and Engineering, Artificial Intelligence and Machine Learning, Artificial Intelligence and Data Science, Bioinformatics, Electronics and Communication, Electrical and Electronics, Mechanical and Civil Engineering."
which branches does the college have,departments_list,General,"The college has departments including Information Technology, Computer Science and Engineering, Artificial Intelligence and Machine Learning, Artificial Intelligence and Data Science, Bioinformatics, Electronics and Communication, Electrical and Electronics, Mechanical and Civil Engineering."
show my profile,profile_view,General,"Your profile holds your name, student ID, email, department, year, semester, section, phone, photo and your parent/guardian details. You can view it all on the Profile page."
what is my student id,profile_view,General,"Your profile holds your name, student ID, email, department, year, semester, section, phone, photo and your parent/guardian details. You can view it all on the Profile page."
my details,profile_view,General,"Your profile holds your name, student ID, email, department, year, semester, section, phone, photo and your parent/guardian details. You can view it all on the Profile page."
how do i change my phone number,profile_update,General,"You can update your phone number, photo and parent/guardian details from the Profile page. Core academic fields like your student ID, department and semester are maintained by the administration — contact the Admin Office to have those corrected."
update my profile,profile_update,General,"You can update your phone number, photo and parent/guardian details from the Profile page. Core academic fields like your student ID, department and semester are maintained by the administration — contact the Admin Office to have those corrected."
i want to change my photo,profile_update,General,"You can update your phone number, photo and parent/guardian details from the Profile page. Core academic fields like your student ID, department and semester are maintained by the administration — contact the Admin Office to have those corrected."
how do i login,login_help,General,"Everyone signs in at the single login page using their registered email or ID and password — the portal detects whether you are a student, faculty member or administrator and takes you to the right dashboard. After 10 failed attempts the account is locked for 15 minutes."
i can't login,login_help,General,"Everyone signs in at the single login page using their registered email or ID and password — the portal detects whether you are a student, faculty member or administrator and takes you to the right dashboard. After 10 failed attempts the account is locked for 15 minutes."
login page,login_help,General,"Everyone signs in at the single login page using their registered email or ID and password — the portal detects whether you are a student, faculty member or administrator and takes you to the right dashboard. After 10 failed attempts the account is locked for 15 minutes."
i forgot my password,password_reset,General,"There is no self-service password reset in the portal. If you are locked out, contact the college Admin Office and they will reset it for you. If you are already signed in, you can change your password yourself from the Settings page."
how do i reset my password,password_reset,General,"There is no self-service password reset in the portal. If you are locked out, contact the college Admin Office and they will reset it for you. If you are already signed in, you can change your password yourself from the Settings page."
password reset,password_reset,General,"There is no self-service password reset in the portal. If you are locked out, contact the college Admin Office and they will reset it for you. If you are already signed in, you can change your password yourself from the Settings page."
i registered but can't login,registration_approval,General,"When you register, a student account is created with a Pending status and no login is issued yet. An administrator has to approve it before you can sign in. You'll be able to log in as soon as the approval goes through."
is my registration approved,registration_approval,General,"When you register, a student account is created with a Pending status and no login is issued yet. An administrator has to approve it before you can sign in. You'll be able to log in as soon as the approval goes through."
how long does approval take,registration_approval,General,"When you register, a student account is created with a Pending status and no login is issued yet. An administrator has to approve it before you can sign in. You'll be able to log in as soon as the approval goes through."
my account was rejected,account_status,General,"An account can be pending approval, approved, rejected with a reason, or deactivated. If your account has been rejected or deactivated you'll see the reason at login — contact the Admin Office to have it reviewed."
why is my account inactive,account_status,General,"An account can be pending approval, approved, rejected with a reason, or deactivated. If your account has been rejected or deactivated you'll see the reason at login — contact the Admin Office to have it reviewed."
account deactivated,account_status,General,"An account can be pending approval, approved, rejected with a reason, or deactivated. If your account has been rejected or deactivated you'll see the reason at login — contact the Admin Office to have it reviewed."
where are the settings,settings_help,General,The Settings page is where you change your password and manage your account preferences while signed in.
how do i open settings,settings_help,General,The Settings page is where you change your password and manage your account preferences while signed in.
change my preferences,settings_help,General,The Settings page is where you change your password and manage your account preferences while signed in.
how am i performing,performance_summary,Placements,"Your Student Success Score is out of 100 and combines attendance health, academic performance (CGPA and backlogs), placement readiness and engagement. I can give you the score, the sub-scores and the top recommendation for improving it. It's on your dashboard."
how am i doing this semester,performance_summary,Placements,"Your Student Success Score is out of 100 and combines attendance health, academic performance (CGPA and backlogs), placement readiness and engagement. I can give you the score, the sub-scores and the top recommendation for improving it. It's on your dashboard."
what is my success score,performance_summary,Placements,"Your Student Success Score is out of 100 and combines attendance health, academic performance (CGPA and backlogs), placement readiness and engagement. I can give you the score, the sub-scores and the top recommendation for improving it. It's on your dashboard."
am i placement ready,placement_readiness,Placements,"Your placement readiness score weights Academics (CGPA) 40%, Technical Skills 25%, Attendance 20% and Projects 15%, and comes with a risk level. I can show the breakdown and what to strengthen first."
what is my placement readiness score,placement_readiness,Placements,"Your placement readiness score weights Academics (CGPA) 40%, Technical Skills 25%, Attendance 20% and Projects 15%, and comes with a risk level. I can show the breakdown and what to strengthen first."
am i ready for placements,placement_readiness,Placements,"Your placement readiness score weights Academics (CGPA) 40%, Technical Skills 25%, Attendance 20% and Projects 15%, and comes with a risk level. I can show the breakdown and what to strengthen first."
am i eligible for Zoho,placement_eligibility,Placements,"Recruiter eligibility is checked against your CGPA, attendance percentage and backlog count. I can tell you which companies you currently qualify for and, for the ones you don't, exactly which criterion falls short."
which companies can i apply to,placement_eligibility,Placements,"Recruiter eligibility is checked against your CGPA, attendance percentage and backlog count. I can tell you which companies you currently qualify for and, for the ones you don't, exactly which criterion falls short."
what is the cgpa cutoff for Microsoft,placement_eligibility,Placements,"Recruiter eligibility is checked against your CGPA, attendance percentage and backlog count. I can tell you which companies you currently qualify for and, for the ones you don't, exactly which criterion falls short."
which companies come for placement,placement_companies,Placements,"The placement catalogue covers recruiters including TCS, Wipro, Capgemini, Infosys, Cognizant, Accenture, Zoho, Freshworks, Amazon and Microsoft, with the role, sector, CTC and eligibility gates for each. I can also rank the best matches for your profile."
list of recruiters,placement_companies,Placements,"The placement catalogue covers recruiters including TCS, Wipro, Capgemini, Infosys, Cognizant, Accenture, Zoho, Freshworks, Amazon and Microsoft, with the role, sector, CTC and eligibility gates for each. I can also rank the best matches for your profile."
what is the package offered by Cognizant,placement_companies,Placements,"The placement catalogue covers recruiters including TCS, Wipro, Capgemini, Infosys, Cognizant, Accenture, Zoho, Freshworks, Amazon and Microsoft, with the role, sector, CTC and eligibility gates for each. I can also rank the best matches for your profile."
what skills am i missing,placement_skills,Placements,"I compare the skills on your profile against the skills recruiters screen for, grouped as Programming, CS Fundamentals, Web & Cloud, and Aptitude & Soft skills, and show your coverage plus the gaps to close."
skill gap analysis,placement_skills,Placements,"I compare the skills on your profile against the skills recruiters screen for, grouped as Programming, CS Fundamentals, Web & Cloud, and Aptitude & Soft skills, and show your coverage plus the gaps to close."
which skills should i learn for placement,placement_skills,Placements,"I compare the skills on your profile against the skills recruiters screen for, grouped as Programming, CS Fundamentals, Web & Cloud, and Aptitude & Soft skills, and show your coverage plus the gaps to close."
what does the regulation say about attendance,knowledge_base_query,General,"I can search the college knowledge base — regulations, handbooks, academic rules, placement policy and FAQs — and answer with the relevant section, citing the document it came from."
show me the academic rules,knowledge_base_query,General,"I can search the college knowledge base — regulations, handbooks, academic rules, placement policy and FAQs — and answer with the relevant section, citing the document it came from."
where is the student handbook,knowledge_base_query,General,"I can search the college knowledge base — regulations, handbooks, academic rules, placement policy and FAQs — and answer with the relevant section, citing the document it came from."
is there a hostel,hostel_info,Hostel,"Hostel information is available only through the college knowledge base documents. There is no hostel booking or room allocation module in the portal — I can share what the uploaded hostel documents say, and for anything else you should contact the Admin Office or Student Welfare."
hostel facility,hostel_info,Hostel,"Hostel information is available only through the college knowledge base documents. There is no hostel booking or room allocation module in the portal — I can share what the uploaded hostel documents say, and for anything else you should contact the Admin Office or Student Welfare."
how do i apply for hostel,hostel_info,Hostel,"Hostel information is available only through the college knowledge base documents. There is no hostel booking or room allocation module in the portal — I can share what the uploaded hostel documents say, and for anything else you should contact the Admin Office or Student Welfare."
is there college bus,transport_info,Transport,"Transport information comes from the college knowledge base documents. There is no bus-pass or route booking module in the portal — I can share what the uploaded transport documents say, and for route or pass queries you should contact the Admin Office."
bus routes,transport_info,Transport,"Transport information comes from the college knowledge base documents. There is no bus-pass or route booking module in the portal — I can share what the uploaded transport documents say, and for route or pass queries you should contact the Admin Office."
how do i get a bus pass,transport_info,Transport,"Transport information comes from the college knowledge base documents. There is no bus-pass or route booking module in the portal — I can share what the uploaded transport documents say, and for route or pass queries you should contact the Admin Office."
are there any scholarships,scholarship_info,Scholarships,"Scholarship information is available from the college knowledge base documents. There is no scholarship application module in the portal — I can share what the uploaded scholarship documents say, and applications are handled by the Admin Office. Note that a Bonafide Certificate for a scholarship application can be requested from the Requests page."
how do i apply for a scholarship,scholarship_info,Scholarships,"Scholarship information is available from the college knowledge base documents. There is no scholarship application module in the portal — I can share what the uploaded scholarship documents say, and applications are handled by the Admin Office. Note that a Bonafide Certificate for a scholarship application can be requested from the Requests page."
scholarship eligibility,scholarship_info,Scholarships,"Scholarship information is available from the college knowledge base documents. There is no scholarship application module in the portal — I can share what the uploaded scholarship documents say, and applications are handled by the Admin Office. Note that a Bonafide Certificate for a scholarship application can be requested from the Requests page."
how do i mark attendance,faculty_mark_attendance,Attendance,"From the faculty portal you can mark attendance for a class you are assigned to — choosing the subject, date and section, and setting each student to Present, Absent or Late. You can also do it in bulk for the whole class."
mark attendance for my class,faculty_mark_attendance,Attendance,"From the faculty portal you can mark attendance for a class you are assigned to — choosing the subject, date and section, and setting each student to Present, Absent or Late. You can also do it in bulk for the whole class."
where do i take attendance,faculty_mark_attendance,Attendance,"From the faculty portal you can mark attendance for a class you are assigned to — choosing the subject, date and section, and setting each student to Present, Absent or Late. You can also do it in bulk for the whole class."
how do i enter marks,faculty_enter_marks,Marks,You enter internal marks (out of 40) and external marks (out of 60) for your assigned subjects; the grade and grade point are computed automatically. Marks stay hidden from students until you publish them.
where do i upload student marks,faculty_enter_marks,Marks,You enter internal marks (out of 40) and external marks (out of 60) for your assigned subjects; the grade and grade point are computed automatically. Marks stay hidden from students until you publish them.
enter internal marks,faculty_enter_marks,Marks,You enter internal marks (out of 40) and external marks (out of 60) for your assigned subjects; the grade and grade point are computed automatically. Marks stay hidden from students until you publish them.
how do i approve student leave,faculty_approve_leave,General,"Leave and OD applications from students appear in your faculty portal, where you can approve or reject them and add remarks. Your decision and name are recorded against the application."
pending leave requests,faculty_approve_leave,General,"Leave and OD applications from students appear in your faculty portal, where you can approve or reject them and add remarks. Your decision and name are recorded against the application."
where do i see leave applications,faculty_approve_leave,General,"Leave and OD applications from students appear in your faculty portal, where you can approve or reject them and add remarks. Your decision and name are recorded against the application."
how do i create an assignment,faculty_assignments_manage,General,"You can create assignments with a title, subject, due date and maximum marks, view the submissions from your students, download what they attached, and grade each submission with marks and remarks."
post a new assignment,faculty_assignments_manage,General,"You can create assignments with a title, subject, due date and maximum marks, view the submissions from your students, download what they attached, and grade each submission with marks and remarks."
where do i see assignment submissions,faculty_assignments_manage,General,"You can create assignments with a title, subject, due date and maximum marks, view the submissions from your students, download what they attached, and grade each submission with marks and remarks."
how do i upload study material,faculty_materials_upload,General,"You can upload study materials — notes, question banks or reference files — against a subject, department, semester and section, and your students can then download them from their Coursework page."
share notes with my students,faculty_materials_upload,General,"You can upload study materials — notes, question banks or reference files — against a subject, department, semester and section, and your students can then download them from their Coursework page."
upload lecture notes,faculty_materials_upload,General,"You can upload study materials — notes, question banks or reference files — against a subject, department, semester and section, and your students can then download them from their Coursework page."
what classes do i have,faculty_my_classes,General,"Your faculty dashboard lists the subjects assigned to you with the department, semester, section and batch, the students in each class, and your teaching timetable."
show my assigned subjects,faculty_my_classes,General,"Your faculty dashboard lists the subjects assigned to you with the department, semester, section and batch, the students in each class, and your teaching timetable."
my teaching schedule,faculty_my_classes,General,"Your faculty dashboard lists the subjects assigned to you with the department, semester, section and batch, the students in each class, and your teaching timetable."
show class analytics,faculty_analytics,General,"The faculty analytics view summarises your classes — attendance trends, mark distributions and how your students are performing across the subjects you handle."
how is my class performing,faculty_analytics,General,"The faculty analytics view summarises your classes — attendance trends, mark distributions and how your students are performing across the subjects you handle."
attendance trend for my class,faculty_analytics,General,"The faculty analytics view summarises your classes — attendance trends, mark distributions and how your students are performing across the subjects you handle."
how do i approve new students,admin_approve_students,General,"New self-registrations arrive as Pending in the admin portal. You can approve them, which lets the student log in, or reject them with a reason. Every decision is recorded with your name and the timestamp."
show pending registrations,admin_approve_students,General,"New self-registrations arrive as Pending in the admin portal. You can approve them, which lets the student log in, or reject them with a reason. Every decision is recorded with your name and the timestamp."
approve a student account,admin_approve_students,General,"New self-registrations arrive as Pending in the admin portal. You can approve them, which lets the student log in, or reject them with a reason. Every decision is recorded with your name and the timestamp."
how do i post a notice,admin_publish_notice,General,"You create a notice with a title, content, category and audience. It can be saved as a draft, published, pinned to the top, given an expiry date, or archived. The summarizer generates a summary, key dates, action items and a priority for it."
publish an announcement,admin_publish_notice,General,"You create a notice with a title, content, category and audience. It can be saved as a draft, published, pinned to the top, given an expiry date, or archived. The summarizer generates a summary, key dates, action items and a priority for it."
create a new circular,admin_publish_notice,General,"You create a notice with a title, content, category and audience. It can be saved as a draft, published, pinned to the top, given an expiry date, or archived. The summarizer generates a summary, key dates, action items and a priority for it."
how do i create a timetable,admin_manage_timetable,General,"You build a timetable per department, semester, section and academic year, with the period slots and the subject in each. It starts as a draft, can be checked for clashes, then published so students and faculty see it, and archived when superseded."
publish the timetable,admin_manage_timetable,General,"You build a timetable per department, semester, section and academic year, with the period slots and the subject in each. It starts as a draft, can be checked for clashes, then published so students and faculty see it, and archived when superseded."
edit an existing timetable,admin_manage_timetable,General,"You build a timetable per department, semester, section and academic year, with the period slots and the subject in each. It starts as a draft, can be checked for clashes, then published so students and faculty see it, and archived when superseded."
how do i publish the exam schedule,admin_publish_exam,Exams,"You create an exam record for a semester and academic year with theory dates, the paper-by-paper schedule, practicals, a hall ticket availability date and instructions. Students see it only after you publish it, and you can archive it later."
create an exam timetable,admin_publish_exam,Exams,"You create an exam record for a semester and academic year with theory dates, the paper-by-paper schedule, practicals, a hall ticket availability date and instructions. Students see it only after you publish it, and you can archive it later."
add practical exam dates,admin_publish_exam,Exams,"You create an exam record for a semester and academic year with theory dates, the paper-by-paper schedule, practicals, a hall ticket availability date and instructions. Students see it only after you publish it, and you can archive it later."
how do i verify a fee payment,admin_verify_fees,Fees,"Payments students record show up unverified. From the admin fee view you check each against the bank record and mark it verified, which updates the student's balance. You can also see every student's fee status."
pending payment verifications,admin_verify_fees,Fees,"Payments students record show up unverified. From the admin fee view you check each against the bank record and mark it verified, which updates the student's balance. You can also see every student's fee status."
mark a payment as verified,admin_verify_fees,Fees,"Payments students record show up unverified. From the admin fee view you check each against the bank record and mark it verified, which updates the student's balance. You can also see every student's fee status."
how do i process certificate requests,admin_process_requests,General,"Document requests come in as Submitted and you move them through Under Review, Processing, Ready for Collection and Completed, or Reject them with remarks. Each has a unique reference number and the student is notified of the change."
show pending document requests,admin_process_requests,General,"Document requests come in as Submitted and you move them through Under Review, Processing, Ready for Collection and Completed, or Reject them with remarks. Each has a unique reference number and the student is notified of the change."
change the status of a request,admin_process_requests,General,"Document requests come in as Submitted and you move them through Under Review, Processing, Ready for Collection and Completed, or Reject them with remarks. Each has a unique reference number and the student is notified of the change."
show the analytics dashboard,admin_analytics,General,"The admin analytics view covers portal usage and the assistant itself — query volume, intent distribution, match rate, response latency, peak usage hours, thumbs-up/down feedback and the most-accessed knowledge documents."
how many queries has the chatbot answered,admin_analytics,General,"The admin analytics view covers portal usage and the assistant itself — query volume, intent distribution, match rate, response latency, peak usage hours, thumbs-up/down feedback and the most-accessed knowledge documents."
what are students asking most,admin_analytics,General,"The admin analytics view covers portal usage and the assistant itself — query volume, intent distribution, match rate, response latency, peak usage hours, thumbs-up/down feedback and the most-accessed knowledge documents."
how do i upload a knowledge document,admin_knowledge_manage,General,"You manage the knowledge base from the admin portal — adding regulations, handbooks, academic rules, placement policy, faculty info and FAQs under categories including Admissions, Attendance, Marks, Exams, Fees, Placements, Faculty, Hostel, Transport and Scholarships. Published documents become answerable by the assistant."
add a policy to the knowledge base,admin_knowledge_manage,General,"You manage the knowledge base from the admin portal — adding regulations, handbooks, academic rules, placement policy, faculty info and FAQs under categories including Admissions, Attendance, Marks, Exams, Fees, Placements, Faculty, Hostel, Transport and Scholarships. Published documents become answerable by the assistant."
what categories can i file a document under,admin_knowledge_manage,General,"You manage the knowledge base from the admin portal — adding regulations, handbooks, academic rules, placement policy, faculty info and FAQs under categories including Admissions, Attendance, Marks, Exams, Fees, Placements, Faculty, Hostel, Transport and Scholarships. Published documents become answerable by the assistant."
show the audit log,admin_audit_log,General,"Administrative actions are written to a tamper-evident audit log with the actor, action, entity, a contextual snapshot, a timestamp and a hash chain. You can review it from the admin portal."
who made this change,admin_audit_log,General,"Administrative actions are written to a tamper-evident audit log with the actor, action, entity, a contextual snapshot, a timestamp and a hash chain. You can review it from the admin portal."
audit trail,admin_audit_log,General,"Administrative actions are written to a tamper-evident audit log with the actor, action, entity, a contextual snapshot, a timestamp and a hash chain. You can review it from the admin portal."
how do i check my son's attendance,parent_ward_progress,General,"The portal does not have a separate parent login — your ward's attendance, marks, CGPA and fee status are visible when they sign in to their own student account. Your contact details are held on their record. For anything you'd like to raise directly, use the Contact page to reach the Admin Office, the Accounts Office or the HOD, who reply within 1-2 working days."
can i see my daughter's marks,parent_ward_progress,General,"The portal does not have a separate parent login — your ward's attendance, marks, CGPA and fee status are visible when they sign in to their own student account. Your contact details are held on their record. For anything you'd like to raise directly, use the Contact page to reach the Admin Office, the Accounts Office or the HOD, who reply within 1-2 working days."
parent login,parent_ward_progress,General,"The portal does not have a separate parent login — your ward's attendance, marks, CGPA and fee status are visible when they sign in to their own student account. Your contact details are held on their record. For anything you'd like to raise directly, use the Contact page to reach the Admin Office, the Accounts Office or the HOD, who reply within 1-2 working days."
how do i get admission,admission_enquiry,Admissions,"The portal doesn't have an online admissions module — it serves enrolled students, faculty and staff. Any admissions information we hold comes from the college knowledge base documents, and admission enquiries should go to the Admin Office through the Contact page."
admission process,admission_enquiry,Admissions,"The portal doesn't have an online admissions module — it serves enrolled students, faculty and staff. Any admissions information we hold comes from the college knowledge base documents, and admission enquiries should go to the Admin Office through the Contact page."
what is the eligibility for admission,admission_enquiry,Admissions,"The portal doesn't have an online admissions module — it serves enrolled students, faculty and staff. Any admissions information we hold comes from the college knowledge base documents, and admission enquiries should go to the Admin Office through the Contact page."
i am an alumnus how do i get my certificate,alumni_records,General,"There is no separate alumni login — the portal serves current students, faculty and staff. For a Provisional Certificate, a Transfer Certificate or a duplicate marksheet after graduation, contact the Admin Office through the Contact page and they will process it for you."
alumni login,alumni_records,General,"There is no separate alumni login — the portal serves current students, faculty and staff. For a Provisional Certificate, a Transfer Certificate or a duplicate marksheet after graduation, contact the Admin Office through the Contact page and they will process it for you."
i graduated last year and need my marksheet,alumni_records,General,"There is no separate alumni login — the portal serves current students, faculty and staff. For a Provisional Certificate, a Transfer Certificate or a duplicate marksheet after graduation, contact the Admin Office through the Contact page and they will process it for you."
where is the college located,visitor_campus_info,General,"I mainly serve signed-in students, faculty and staff. For general enquiries — visiting the campus, meeting a department or reaching an office — you can use the Contact page to message the Admin Office, and the library is open Monday to Friday 8:00 AM to 6:00 PM and Saturday 9:00 AM to 4:00 PM."
campus address,visitor_campus_info,General,"I mainly serve signed-in students, faculty and staff. For general enquiries — visiting the campus, meeting a department or reaching an office — you can use the Contact page to message the Admin Office, and the library is open Monday to Friday 8:00 AM to 6:00 PM and Saturday 9:00 AM to 4:00 PM."
how do i visit the campus,visitor_campus_info,General,"I mainly serve signed-in students, faculty and staff. For general enquiries — visiting the campus, meeting a department or reaching an office — you can use the Contact page to message the Admin Office, and the library is open Monday to Friday 8:00 AM to 6:00 PM and Saturday 9:00 AM to 4:00 PM."
hi,greeting,General,"Hello! I'm Campus HelpDesk, your college assistant. I can help with attendance, marks and CGPA, timetable, exams, fees, leave and OD, certificates, library, notices, events, faculty contacts and placements. What would you like to know?"
hello,greeting,General,"Hello! I'm Campus HelpDesk, your college assistant. I can help with attendance, marks and CGPA, timetable, exams, fees, leave and OD, certificates, library, notices, events, faculty contacts and placements. What would you like to know?"
hey,greeting,General,"Hello! I'm Campus HelpDesk, your college assistant. I can help with attendance, marks and CGPA, timetable, exams, fees, leave and OD, certificates, library, notices, events, faculty contacts and placements. What would you like to know?"
thanks,thanks_goodbye,General,"You're welcome! Come back any time you need help with attendance, fees, exams, certificates or anything else on the portal."
thank you,thanks_goodbye,General,"You're welcome! Come back any time you need help with attendance, fees, exams, certificates or anything else on the portal."
thank you so much,thanks_goodbye,General,"You're welcome! Come back any time you need help with attendance, fees, exams, certificates or anything else on the portal."
what can you do,bot_capabilities,General,"I'm the Campus HelpDesk assistant. I can answer questions about attendance, marks, CGPA and backlogs, timetable, exam schedules and hall tickets, fees and payments, leave and OD, certificate requests, library books and hours, notices, events, faculty and HOD contacts, your profile, placement readiness and eligibility, and the college knowledge base. I answer from your own records, so sign in first."
help,bot_capabilities,General,"I'm the Campus HelpDesk assistant. I can answer questions about attendance, marks, CGPA and backlogs, timetable, exam schedules and hall tickets, fees and payments, leave and OD, certificate requests, library books and hours, notices, events, faculty and HOD contacts, your profile, placement readiness and eligibility, and the college knowledge base. I answer from your own records, so sign in first."
how can you help me,bot_capabilities,General,"I'm the Campus HelpDesk assistant. I can answer questions about attendance, marks, CGPA and backlogs, timetable, exam schedules and hall tickets, fees and payments, leave and OD, certificate requests, library books and hours, notices, events, faculty and HOD contacts, your profile, placement readiness and eligibility, and the college knowledge base. I answer from your own records, so sign in first."
what database do you use,out_of_scope_technical,General,"I'm the Campus HelpDesk assistant, so I only help with college services — attendance, marks, fees, exams, certificates, library, notices and the like. I can't discuss how the portal is built or maintained. If something on the portal isn't working, report it to the Admin Office through the Contact page."
how is the backend built,out_of_scope_technical,General,"I'm the Campus HelpDesk assistant, so I only help with college services — attendance, marks, fees, exams, certificates, library, notices and the like. I can't discuss how the portal is built or maintained. If something on the portal isn't working, report it to the Admin Office through the Contact page."
which framework is the frontend using,out_of_scope_technical,General,"I'm the Campus HelpDesk assistant, so I only help with college services — attendance, marks, fees, exams, certificates, library, notices and the like. I can't discuss how the portal is built or maintained. If something on the portal isn't working, report it to the Admin Office through the Contact page."
what is the weather today,fallback_unsupported,General,"I couldn't match that to anything the portal handles. I can help with attendance, marks and CGPA, timetable, exams, fees, leave and OD, certificates, library, notices, events, faculty contacts, your profile and placements. For anything else, the Contact page will reach the right office and you'll get a reply within 1-2 working days."
tell me a joke,fallback_unsupported,General,"I couldn't match that to anything the portal handles. I can help with attendance, marks and CGPA, timetable, exams, fees, leave and OD, certificates, library, notices, events, faculty contacts, your profile and placements. For anything else, the Contact page will reach the right office and you'll get a reply within 1-2 working days."
who won the match yesterday,fallback_unsupported,General,"I couldn't match that to anything the portal handles. I can help with attendance, marks and CGPA, timetable, exams, fees, leave and OD, certificates, library, notices, events, faculty contacts, your profile and placements. For anything else, the Contact page will reach the right office and you'll get a reply within 1-2 working days."
